Interval,toatl_packet,Loss_packet,Loss_Bytes,Retrans_Frames,Retrans_Bytes,Throughput_Bytes_per_sec,loss_percent,loss_percent2
0-1,26,1,150,0,0,3541.0,3.8461538461538463,3.8461538461538463
1-2,3690,48,73512,2,1528,4381134.0,1.3008130081300813,1.3550135501355014
2-3,1560,27,41234,12,14846,1556014.0,1.7307692307692308,2.5
3-4,2122,30,46170,3,4398,2352146.0,1.413760603204524,1.5551366635249764
4-5,177,2,1608,0,0,76711.0,1.1299435028248588,1.1299435028248588
5-6,22,0,0,0,0,3272.0,0.0,0.0
6-7,94,3,1753,7,10742,46236.0,3.1914893617021276,10.638297872340425
7-8,117,1,1466,1,1466,52561.0,0.8547008547008548,1.7094017094017095
8-9,68,0,0,0,0,20399.0,0.0,0.0
9-10,447,18,23716,0,0,456149.0,4.026845637583892,4.026845637583892
10-11,774,25,36554,1,105,854417.0,3.229974160206718,3.359173126614987
11-12,28,1,150,0,0,3456.0,3.571428571428571,3.571428571428571
12-13,4,0,0,0,0,976.0,0.0,0.0
13-14,56,2,396,0,0,11470.0,3.571428571428571,3.571428571428571
14-15,29,1,142,1,142,3556.0,3.4482758620689653,6.896551724137931
15-16,34,1,150,0,0,4301.0,2.941176470588235,2.941176470588235
16-17,25,0,0,0,0,3369.0,0.0,0.0
17-18,23,1,102,0,0,3098.0,4.3478260869565215,4.3478260869565215
18-19,22,1,190,0,0,3032.0,4.545454545454546,4.545454545454546
19-20,891,35,47330,1,2858,991904.0,3.928170594837262,4.040404040404041
20-21,18,1,150,0,0,2644.0,5.555555555555555,5.555555555555555
21-22,164,5,5338,0,0,120679.0,3.048780487804878,3.048780487804878
22-23,711,19,29174,0,0,868136.0,2.6722925457102673,2.6722925457102673
23-24,23,0,0,0,0,4093.0,0.0,0.0
24-25,10,0,0,0,0,1792.0,0.0,0.0
25-26,61,0,0,0,0,7482.0,0.0,0.0
26-27,24,1,303,0,0,3507.0,4.166666666666666,4.166666666666666
27-28,22,1,134,0,0,2980.0,4.545454545454546,4.545454545454546
28-29,25,1,134,0,0,3278.0,4.0,4.0
29-30,40,3,474,0,0,4944.0,7.5,7.5
30-31,5,0,0,2,2262,6514.0,0.0,40.0
31-32,0,0,0,0,0,0.0,0,0
32-33,0,0,0,0,0,0.0,0,0
33-34,0,0,0,0,0,0.0,0,0
34-35,1459,23,32616,32,44375,1605261.0,1.5764222069910898,3.7697052775873887
35-36,33,1,1514,2,132,10582.0,3.0303030303030303,9.090909090909092
36-37,22,0,0,0,0,2896.0,0.0,0.0
37-38,23,1,174,0,0,3125.0,4.3478260869565215,4.3478260869565215
38-39,93,0,0,0,0,31709.0,0.0,0.0
39-40,580,20,27922,1,1462,700946.0,3.4482758620689653,3.620689655172414
40-41,61,3,344,0,0,10116.0,4.918032786885246,4.918032786885246
41-42,30,0,0,0,0,3665.0,0.0,0.0
42-43,533,22,32164,0,0,637905.0,4.127579737335835,4.127579737335835
43-44,16,1,134,0,0,2136.0,6.25,6.25
44-45,23,3,682,0,0,3086.0,13.043478260869565,13.043478260869565
45-46,29,1,142,0,0,3891.0,3.4482758620689653,3.4482758620689653
46-47,627,13,19006,0,0,844273.0,2.073365231259968,2.073365231259968
47-48,15,0,0,0,0,2366.0,0.0,0.0
48-49,23,1,318,0,0,2858.0,4.3478260869565215,4.3478260869565215
49-50,62,1,105,0,0,14154.0,1.6129032258064515,1.6129032258064515
50-51,36,0,0,0,0,6182.0,0.0,0.0
51-52,23,0,0,0,0,3086.0,0.0,0.0
52-53,48,1,134,0,0,9490.0,2.083333333333333,2.083333333333333
53-54,723,32,46784,0,0,822333.0,4.426002766251729,4.426002766251729
54-55,29,0,0,0,0,3492.0,0.0,0.0
55-56,34,1,198,0,0,4501.0,2.941176470588235,2.941176470588235
56-57,29,2,292,0,0,3666.0,6.896551724137931,6.896551724137931
57-58,751,20,29524,0,0,976370.0,2.6631158455392807,2.6631158455392807
58-59,18,0,0,0,0,2580.0,0.0,0.0
59-60,17,0,0,0,0,2510.0,0.0,0.0
60-61,29,1,182,0,0,4115.0,3.4482758620689653,3.4482758620689653
61-62,17,0,0,0,0,2633.0,0.0,0.0
62-63,61,1,1466,0,0,22487.0,1.639344262295082,1.639344262295082
63-64,32,2,284,0,0,7592.0,6.25,6.25
64-65,86,1,127,0,0,33243.0,1.1627906976744187,1.1627906976744187
65-66,8,0,0,0,0,1304.0,0.0,0.0
66-67,969,25,35230,0,0,1169098.0,2.5799793601651184,2.5799793601651184
67-68,25,0,0,0,0,3646.0,0.0,0.0
68-69,6,0,0,0,0,1440.0,0.0,0.0
69-70,15,1,142,0,0,2194.0,6.666666666666667,6.666666666666667
70-71,667,22,32164,0,0,803657.0,3.2983508245877062,3.2983508245877062
71-72,31,1,150,0,0,4174.0,3.225806451612903,3.225806451612903
72-73,28,0,0,0,0,3793.0,0.0,0.0
73-74,13,1,310,0,0,2138.0,7.6923076923076925,7.6923076923076925
74-75,13,1,142,0,0,2146.0,7.6923076923076925,7.6923076923076925
75-76,20,0,0,0,0,3185.0,0.0,0.0
76-77,16,0,0,0,0,2495.0,0.0,0.0
77-78,30,1,182,0,0,3984.0,3.3333333333333335,3.3333333333333335
78-79,842,19,27778,0,0,1081240.0,2.2565320665083135,2.2565320665083135
79-80,8,0,0,0,0,1572.0,0.0,0.0
80-81,34,0,0,0,0,4551.0,0.0,0.0
81-82,22,1,190,0,0,3256.0,4.545454545454546,4.545454545454546
82-83,7,0,0,0,0,1550.0,0.0,0.0
83-84,32,1,150,0,0,11095.0,3.125,3.125
84-85,589,15,22964,0,0,756673.0,2.5466893039049237,2.5466893039049237
85-86,16,0,0,0,0,2449.0,0.0,0.0
86-87,16,0,0,0,0,2384.0,0.0,0.0
87-88,625,17,27646,2,4320,836761.0,2.7199999999999998,3.04
88-89,24,0,0,0,0,8834.0,0.0,0.0
89-90,9,0,0,0,0,1754.0,0.0,0.0
90-91,34,1,150,0,0,4355.0,2.941176470588235,2.941176470588235
91-92,244,5,7310,0,0,304449.0,2.0491803278688523,2.0491803278688523
92-93,36,1,1466,0,0,10279.0,2.7777777777777777,2.7777777777777777
93-94,15,0,0,0,0,2230.0,0.0,0.0
94-95,5,0,0,0,0,758.0,0.0,0.0
95-96,0,0,0,0,0,0.0,0,0
96-97,0,0,0,0,0,0.0,0,0
97-98,0,0,0,0,0,0.0,0,0
98-99,0,0,0,0,0,0.0,0,0
99-100,0,0,0,0,0,0.0,0,0
100-101,0,0,0,0,0,0.0,0,0
101-102,0,0,0,0,0,0.0,0,0
102-103,0,0,0,0,0,0.0,0,0
103-104,193,2,1596,1,66,91886.0,1.0362694300518136,1.5544041450777202
104-105,6,0,0,1,172,518.0,0.0,16.666666666666664
105-106,0,0,0,0,0,0.0,0,0
106-107,0,0,0,0,0,0.0,0,0
107-108,0,0,0,0,0,0.0,0,0
108-109,1060,11,11996,7,6339,805731.0,1.0377358490566038,1.6981132075471699
109-110,1142,23,32230,19,24606,1161304.0,2.0140105078809105,3.677758318739054
110-111,34,1,105,4,467,12610.0,2.941176470588235,14.705882352941178
111-112,0,0,0,0,0,0.0,0,0
112-113,0,0,0,0,0,0.0,0,0
113-114,0,0,0,0,0,0.0,0,0
114-115,0,0,0,0,0,0.0,0,0
115-116,255,5,8710,5,715,213389.0,1.9607843137254901,3.9215686274509802
116-117,336,8,10339,4,5848,319096.0,2.380952380952381,3.571428571428571
117-118,414,3,4386,0,0,580038.0,0.7246376811594203,0.7246376811594203
118-119,13,1,182,0,0,2385.0,7.6923076923076925,7.6923076923076925
119-120,74,0,0,0,0,23906.0,0.0,0.0
120-121,19,0,0,0,0,3847.0,0.0,0.0
121-122,0,0,0,0,0,0.0,0,0
122-123,0,0,0,0,0,0.0,0,0
123-124,0,0,0,0,0,0.0,0,0
124-125,0,0,0,0,0,0.0,0,0
125-126,167,8,4009,6,7165,87289.0,4.790419161676647,8.383233532934131
126-127,496,16,22035,2,2152,524476.0,3.225806451612903,3.6290322580645165
127-128,277,1,1462,0,0,392104.0,0.36101083032490977,0.36101083032490977
128-129,125,1,1514,4,486,81522.0,0.8,4.0
129-130,392,11,14770,0,0,493692.0,2.806122448979592,2.806122448979592
130-131,63,0,0,2,132,13616.0,0.0,3.1746031746031744
131-132,67,1,182,0,0,26846.0,1.4925373134328357,1.4925373134328357
132-133,53,0,0,0,0,39652.0,0.0,0.0
133-134,40,1,1466,2,132,21161.0,2.5,7.5
134-135,37,2,1616,0,0,10798.0,5.405405405405405,5.405405405405405
135-136,3,0,0,2,1702,2553.0,0.0,66.66666666666666
136-137,0,0,0,0,0,0.0,0,0
137-138,0,0,0,0,0,0.0,0,0
138-139,0,0,0,0,0,0.0,0,0
139-140,132,0,0,1,851,54731.0,0.0,0.7575757575757576
140-141,45,0,0,2,132,13576.0,0.0,4.444444444444445
141-142,170,0,0,3,237,50580.0,0.0,1.7647058823529411
142-143,56,3,522,0,0,14190.0,5.357142857142857,5.357142857142857
143-144,53,1,182,0,0,12360.0,1.8867924528301887,1.8867924528301887
144-145,88,3,429,0,0,18494.0,3.4090909090909087,3.4090909090909087
145-146,16,0,0,0,0,2509.0,0.0,0.0
146-147,6,0,0,0,0,1440.0,0.0,0.0
147-148,16,0,0,0,0,2384.0,0.0,0.0
148-149,40,1,142,0,0,6012.0,2.5,2.5
149-150,29,0,0,0,0,5914.0,0.0,0.0
150-151,13,1,142,0,0,2122.0,7.6923076923076925,7.6923076923076925
151-152,86,1,105,0,0,23617.0,1.1627906976744187,1.1627906976744187
152-153,23,0,0,0,0,6750.0,0.0,0.0
153-154,22,0,0,1,93,3987.0,0.0,4.545454545454546
154-155,15,0,0,0,0,2318.0,0.0,0.0
155-156,0,0,0,0,0,0.0,0,0
156-157,0,0,0,0,0,0.0,0,0
157-158,0,0,0,0,0,0.0,0,0
158-159,0,0,0,0,0,0.0,0,0
159-160,0,0,0,0,0,0.0,0,0
160-161,0,0,0,0,0,0.0,0,0
161-162,160,2,2932,3,3140,60538.0,1.25,3.125
162-163,5,0,0,0,0,382.0,0.0,0.0
163-164,15,0,0,0,0,2171.0,0.0,0.0
164-165,27,0,0,2,132,5287.0,0.0,7.4074074074074066
165-166,34,2,3028,2,132,18480.0,5.88235294117647,11.76470588235294
166-167,28,0,0,0,0,3649.0,0.0,0.0
167-168,29,1,150,0,0,4096.0,3.4482758620689653,3.4482758620689653
168-169,24,1,150,0,0,4259.0,4.166666666666666,4.166666666666666
169-170,21,1,190,0,0,2846.0,4.761904761904762,4.761904761904762
170-171,15,0,0,0,0,2354.0,0.0,0.0
171-172,113,2,202,0,0,22049.0,1.7699115044247788,1.7699115044247788
172-173,76,1,105,1,105,19700.0,1.3157894736842104,2.631578947368421
173-174,40,1,142,0,0,12169.0,2.5,2.5
174-175,44,1,150,0,0,7378.0,2.272727272727273,2.272727272727273
175-176,25,0,0,0,0,3131.0,0.0,0.0
176-177,18,0,0,0,0,2604.0,0.0,0.0
177-178,22,1,150,0,0,2952.0,4.545454545454546,4.545454545454546
178-179,37,1,150,0,0,4320.0,2.7027027027027026,2.7027027027027026
179-180,41,2,484,0,0,5787.0,4.878048780487805,4.878048780487805
180-181,17,0,0,0,0,2218.0,0.0,0.0
181-182,40,0,0,0,0,13170.0,0.0,0.0
182-183,40,0,0,0,0,11886.0,0.0,0.0
183-184,40,2,252,0,0,6239.0,5.0,5.0
184-185,6,0,0,0,0,1719.0,0.0,0.0
185-186,0,0,0,0,0,0.0,0,0
186-187,0,0,0,0,0,0.0,0,0
187-188,0,0,0,0,0,0.0,0,0
188-189,229,3,4591,4,2979,85105.0,1.3100436681222707,3.056768558951965
189-190,28,0,0,4,264,10438.0,0.0,14.285714285714285
190-191,29,0,0,0,0,4225.0,0.0,0.0
191-192,46,0,0,1,74,9129.0,0.0,2.1739130434782608
192-193,70,0,0,0,0,15847.0,0.0,0.0
193-194,37,0,0,0,0,5897.0,0.0,0.0
194-195,35,0,0,0,0,5700.0,0.0,0.0
195-196,27,2,284,0,0,3414.0,7.4074074074074066,7.4074074074074066
196-197,13,0,0,0,0,2331.0,0.0,0.0
197-198,27,1,150,0,0,4208.0,3.7037037037037033,3.7037037037037033
198-199,6,0,0,0,0,1484.0,0.0,0.0
199-200,29,1,150,0,0,5569.0,3.4482758620689653,3.4482758620689653
200-201,7,0,0,0,0,1550.0,0.0,0.0
201-202,19,0,0,0,0,3110.0,0.0,0.0
202-203,10,0,0,0,0,1856.0,0.0,0.0
203-204,16,0,0,0,0,5667.0,0.0,0.0
204-205,31,0,0,0,0,5278.0,0.0,0.0
205-206,18,0,0,0,0,2813.0,0.0,0.0
206-207,7,0,0,0,0,1550.0,0.0,0.0
207-208,21,1,182,0,0,3158.0,4.761904761904762,4.761904761904762
208-209,21,0,0,0,0,2786.0,0.0,0.0
209-210,18,1,134,0,0,2616.0,5.555555555555555,5.555555555555555
210-211,18,0,0,0,0,3183.0,0.0,0.0
211-212,24,0,0,0,0,3207.0,0.0,0.0
212-213,15,0,0,0,0,2408.0,0.0,0.0
213-214,11,0,0,0,0,1966.0,0.0,0.0
214-215,9,0,0,0,0,2030.0,0.0,0.0
215-216,34,0,0,0,0,4809.0,0.0,0.0
216-217,25,0,0,0,0,4609.0,0.0,0.0
217-218,5,0,0,0,0,1374.0,0.0,0.0
218-219,22,0,0,0,0,3377.0,0.0,0.0
219-220,6,0,0,0,0,1440.0,0.0,0.0
220-221,17,0,0,0,0,6318.0,0.0,0.0
221-222,30,0,0,0,0,5263.0,0.0,0.0
222-223,28,1,142,0,0,6789.0,3.571428571428571,3.571428571428571
223-224,42,2,348,0,0,5947.0,4.761904761904762,4.761904761904762
224-225,42,0,0,0,0,7588.0,0.0,0.0
225-226,13,1,262,0,0,2098.0,7.6923076923076925,7.6923076923076925
226-227,25,1,190,0,0,3358.0,4.0,4.0
227-228,0,0,0,0,0,0.0,0,0
228-229,0,0,0,0,0,0.0,0,0
229-230,0,0,0,0,0,0.0,0,0
230-231,0,0,0,0,0,0.0,0,0
231-232,144,0,0,1,105,59731.0,0.0,0.6944444444444444
232-233,23,0,0,0,0,10532.0,0.0,0.0
233-234,40,0,0,3,198,8834.0,0.0,7.5
234-235,96,0,0,1,66,21520.0,0.0,1.0416666666666665
235-236,55,2,2932,0,0,31496.0,3.6363636363636362,3.6363636363636362
236-237,30,1,150,0,0,4293.0,3.3333333333333335,3.3333333333333335
237-238,33,2,300,0,0,4699.0,6.0606060606060606,6.0606060606060606
238-239,27,0,0,0,0,3500.0,0.0,0.0
239-240,45,1,198,0,0,6642.0,2.2222222222222223,2.2222222222222223
240-241,21,0,0,0,0,2922.0,0.0,0.0
241-242,21,0,0,0,0,2723.0,0.0,0.0
242-243,15,0,0,0,0,2460.0,0.0,0.0
243-244,22,0,0,0,0,3056.0,0.0,0.0
244-245,110,1,150,0,0,36881.0,0.9090909090909091,0.9090909090909091
245-246,24,1,150,0,0,3208.0,4.166666666666666,4.166666666666666
246-247,46,0,0,0,0,13125.0,0.0,0.0
247-248,15,0,0,0,0,2114.0,0.0,0.0
248-249,15,0,0,0,0,2354.0,0.0,0.0
249-250,27,0,0,0,0,3639.0,0.0,0.0
250-251,34,2,276,0,0,4190.0,5.88235294117647,5.88235294117647
251-252,43,1,142,0,0,8376.0,2.3255813953488373,2.3255813953488373
252-253,35,0,0,0,0,10225.0,0.0,0.0
253-254,23,3,514,0,0,3046.0,13.043478260869565,13.043478260869565
254-255,30,2,276,0,0,3928.0,6.666666666666667,6.666666666666667
255-256,21,0,0,0,0,3730.0,0.0,0.0
256-257,22,0,0,0,0,3468.0,0.0,0.0
257-258,39,3,434,0,0,4776.0,7.6923076923076925,7.6923076923076925
258-259,25,2,276,0,0,3214.0,8.0,8.0
259-260,27,0,0,0,0,3524.0,0.0,0.0
260-261,18,1,150,0,0,2576.0,5.555555555555555,5.555555555555555
261-262,36,1,150,0,0,5660.0,2.7777777777777777,2.7777777777777777
262-263,21,0,0,0,0,6222.0,0.0,0.0
263-264,58,1,97,0,0,19112.0,1.7241379310344827,1.7241379310344827
264-265,36,0,0,0,0,6699.0,0.0,0.0
265-266,27,0,0,0,0,3648.0,0.0,0.0
266-267,14,0,0,0,0,2186.0,0.0,0.0
267-268,12,0,0,0,0,2084.0,0.0,0.0
268-269,32,1,142,0,0,4316.0,3.125,3.125
269-270,25,0,0,0,0,4356.0,0.0,0.0
270-271,18,0,0,0,0,2584.0,0.0,0.0
271-272,14,0,0,0,0,2603.0,0.0,0.0
272-273,9,0,0,0,0,1832.0,0.0,0.0
273-274,17,0,0,0,0,3630.0,0.0,0.0
274-275,32,1,230,0,0,4300.0,3.125,3.125
275-276,28,0,0,0,0,3656.0,0.0,0.0
276-277,30,0,0,0,0,4907.0,0.0,0.0
277-278,31,0,0,0,0,5261.0,0.0,0.0
278-279,12,0,0,0,0,2084.0,0.0,0.0
279-280,26,1,142,0,0,3145.0,3.8461538461538463,3.8461538461538463
280-281,27,1,142,0,0,4016.0,3.7037037037037033,3.7037037037037033
281-282,28,0,0,0,0,3844.0,0.0,0.0
282-283,16,1,230,0,0,2354.0,6.25,6.25
283-284,14,0,0,0,0,2208.0,0.0,0.0
284-285,31,1,97,0,0,13531.0,3.225806451612903,3.225806451612903
285-286,104,5,6014,0,0,75520.0,4.807692307692308,4.807692307692308
286-287,24,0,0,0,0,3339.0,0.0,0.0
287-288,15,0,0,0,0,2460.0,0.0,0.0
288-289,12,0,0,0,0,2024.0,0.0,0.0
289-290,9,0,0,0,0,1762.0,0.0,0.0
290-291,21,0,0,0,0,2918.0,0.0,0.0
291-292,0,0,0,0,0,0.0,0,0
292-293,0,0,0,0,0,0.0,0,0
293-294,0,0,0,0,0,0.0,0,0
294-295,0,0,0,0,0,0.0,0,0
295-296,233,3,2858,4,3902,98898.0,1.2875536480686696,3.004291845493562
296-297,16,0,0,2,132,9672.0,0.0,12.5
297-298,14,0,0,0,0,2432.0,0.0,0.0
298-299,16,0,0,0,0,2276.0,0.0,0.0
299-300,23,0,0,0,0,4238.0,0.0,0.0
300-301,13,0,0,0,0,2134.0,0.0,0.0
301-Dur,2,0,0,0,0,132.0,0.0,0.0
